{"user_username": "ricardo", "created_on": "2021-12-04 22:28:07.464Z", "comment_text": "OK", "video_id": 3}
{"user_username": "arturito", "created_on": "2021-12-04 22:28:07.439Z", "comment_text": "Jogas tanto", "video_id": 1}
{"user_username": "fahla", "created_on": "2021-12-04 22:28:07.451Z", "comment_text": "vem vem vem vem ", "video_id": 2}
{"user_username": "fahla", "created_on": "2021-12-04 22:28:07.443Z", "comment_text": "Fraco", "video_id": 1}
{"user_username": "dx", "created_on": "2021-12-04 22:28:07.471Z", "comment_text": "Quero parte 2", "video_id": 10}
{"user_username": "serras", "created_on": "2021-12-04 22:28:07.460Z", "comment_text": "Faz mais videos", "video_id": 4}
{"user_username": "serras", "created_on": "2021-12-04 22:28:07.445Z", "comment_text": "SHOW", "video_id": 2}
{"user_username": "serras", "created_on": "2021-12-04 22:28:07.431Z", "comment_text": "GOLAÇO", "video_id": 1}
{"user_username": "mariana", "created_on": "2021-12-04 22:28:07.467Z", "comment_text": "ADOREIIIIIII", "video_id": 9}
{"user_username": "leal", "created_on": "2021-12-04 22:28:07.458Z", "comment_text": "Conteudo", "video_id": 4}
