{"video_id": 10, "created_on": "2021-12-04 22:32:02.781Z", "comment_text": "Quero parte 2", "id": 10, "user_username": "dx"}
{"video_id": 1, "created_on": "2021-12-04 22:32:02.014Z", "comment_text": "Fraco", "id": 3, "user_username": "fahla"}
{"video_id": 1, "created_on": "2021-12-04 22:32:02.012Z", "comment_text": "Jogas tanto", "id": 2, "user_username": "arturito"}
{"video_id": 1, "created_on": "2021-12-04 22:32:02.009Z", "comment_text": "GOLAÇO", "id": 1, "user_username": "serras"}
{"video_id": 2, "created_on": "2021-12-04 22:32:02.019Z", "comment_text": "vem vem vem vem ", "id": 5, "user_username": "fahla"}
{"video_id": 2, "created_on": "2021-12-04 22:32:02.017Z", "comment_text": "SHOW", "id": 4, "user_username": "serras"}
{"video_id": 4, "created_on": "2021-12-04 22:32:02.024Z", "comment_text": "Faz mais videos", "id": 7, "user_username": "serras"}
{"video_id": 4, "created_on": "2021-12-04 22:32:02.021Z", "comment_text": "Conteudo", "id": 6, "user_username": "leal"}
{"video_id": 9, "created_on": "2021-12-04 22:32:02.029Z", "comment_text": "ADOREIIIIIII", "id": 9, "user_username": "mariana"}
{"video_id": 3, "created_on": "2021-12-04 22:32:02.026Z", "comment_text": "OK", "id": 8, "user_username": "ricardo"}