{"user_username": "pylance", "video_id": 7, "created_on": "2021-12-04 22:07:29.794Z", "video_timestamp": 10.7, "tipo": "stop"}
{"user_username": "reis", "video_id": 6, "created_on": "2021-12-04 22:07:29.787Z", "video_timestamp": 1.2, "tipo": "play"}
{"user_username": "arturito", "video_id": 5, "created_on": "2021-12-04 22:07:29.785Z", "video_timestamp": 0.55, "tipo": "pause"}
{"user_username": "mariana", "video_id": 4, "created_on": "2021-12-04 22:07:29.779Z", "video_timestamp": 0.15, "tipo": "play"}
{"user_username": "serras", "video_id": 10, "created_on": "2021-12-04 22:07:29.772Z", "video_timestamp": 22.0, "tipo": "stop"}
{"user_username": "serras", "video_id": 10, "created_on": "2021-12-04 22:07:29.765Z", "video_timestamp": 5.2, "tipo": "play"}
{"user_username": "reis", "video_id": 4, "created_on": "2021-12-04 22:07:29.782Z", "video_timestamp": 0.25, "tipo": "play"}
{"user_username": "fahla", "video_id": 7, "created_on": "2021-12-04 22:07:29.790Z", "video_timestamp": 15.2, "tipo": "stop"}
{"user_username": "bernas", "video_id": 10, "created_on": "2021-12-04 22:07:29.769Z", "video_timestamp": 10.1, "tipo": "pause"}
{"user_username": "leal", "video_id": 2, "created_on": "2021-12-04 22:07:29.775Z", "video_timestamp": 3.02, "tipo": "stop"}
