{"video_id": 5, "username": ["bernas", "ricardo"]}
{"video_id": 10, "username": ["pylance"]}
{"video_id": 1, "username": ["reis", "serras"]}
{"video_id": 8, "username": ["pylance", "serras"]}
{"video_id": 2, "username": ["dx", "mariana", "pylance"]}
{"video_id": 4, "username": ["arturito", "dx", "ricardo"]}
{"video_id": 7, "username": ["fahla", "pylance", "reis"]}
{"video_id": 6, "username": ["arturito", "dx", "leal"]}
{"video_id": 9, "username": ["bernas", "fahla", "leal"]}
{"video_id": 3, "username": ["fahla", "leal"]}
