{"username": "ricardo", "created_on": "2021-12-14 12:41:47.443Z", "email": "rodriguez@ua.pt", "nome": "Ricardo Rodriguez"}
{"username": "arturito", "created_on": "2021-12-14 12:41:47.466Z", "email": "artur@ua.pt", "nome": "Artur Romão"}
{"username": "pylance", "created_on": "2021-12-14 12:41:47.454Z", "email": "paulo@ua.pt", "nome": "Paulo Guilherme"}
{"username": "fahla", "created_on": "2021-12-14 12:41:47.460Z", "email": "fahla@ua.pt", "nome": "Nuno Fahla"}
{"username": "bernas", "created_on": "2021-12-14 12:41:47.432Z", "email": "bernas@ua.pt", "nome": "João Farias"}
{"username": "dx", "created_on": "2021-12-14 12:41:47.438Z", "email": "dx@ua.pt", "nome": "Diogo Cruz"}
{"username": "serras", "created_on": "2021-12-14 12:41:47.411Z", "email": "alexandreserras@ua.pt", "nome": "Alexandre Serras"}
{"username": "mariana", "created_on": "2021-12-14 12:41:47.448Z", "email": "rosa@ua.pt", "nome": "Mariana Rosa"}
{"username": "reis", "created_on": "2021-12-14 12:41:47.421Z", "email": "reis@ua.pt", "nome": "Jonhy Kings"}
{"username": "leal", "created_on": "2021-12-14 12:41:47.427Z", "email": "gonçaloleal@ua.pt", "nome": "Gonçalo Leal"}
{"username": "bms", "created_on": "2021-12-14 12:54:53.883Z", "email": "brunos@ua.pt", "nome": "Bruno Serras"}