{"id": 5, "created_on": "2021-12-04 22:08:05.399Z", "autor": "mariana", "descricao": "Video que explica como deve ser aberta uma porta", "duracao": 20.0, "nome": "Como abrir uma porta", "tag": ["joke"]}
{"id": 10, "created_on": "2021-12-04 22:08:05.416Z", "autor": "fahla", "descricao": "O curso anda uma seca vou explicar como o tornar melhor!", "duracao": 30.2, "nome": "Como dar surrender do curso", "tag": ["funny", "joke"]}
{"id": 1, "created_on": "2021-12-04 22:08:05.385Z", "autor": "dx", "descricao": "Festejo do ronaldo", "duracao": 1.5, "nome": "SIIIIIIIU", "tag": ["cr7", "futebol"]}
{"id": 8, "created_on": "2021-12-04 22:08:05.409Z", "autor": "ricardo", "descricao": "A pessoa mais conhecida da 3 matricula ou melhor do DETI tornou-se meu amigo", "duracao": 3.0, "nome": "Conheci o dx", "tag": ["funny", "joke"]}
{"id": 2, "created_on": "2021-12-04 22:08:05.388Z", "autor": "serras", "descricao": "Concerto dos wbg em lisboa", "duracao": 5.0, "nome": "WBG ao vivo", "tag": ["concerto", "musica", "wbg"]}
{"id": 4, "created_on": "2021-12-04 22:08:05.395Z", "autor": "pylance", "descricao": "Seferovic podia classificar o benfica na liga dos campeões e faz falhanço incrivel", "duracao": 1.0, "nome": "Seferovic falha de baliza aberta", "tag": ["champions", "slb"]}
{"id": 7, "created_on": "2021-12-04 22:08:05.406Z", "autor": "leal", "descricao": "Caminhada por Aveiro desde a Estação até ao Deti", "duracao": 60.2, "nome": "Vlog por Aveiro", "tag": ["joke", "vlog"]}
{"id": 6, "created_on": "2021-12-04 22:08:05.402Z", "autor": "dx", "descricao": "A música mais conhecida de portugal ao vivo num grande concerto em AVEIRO", "duracao": 7.3, "nome": "Eu sou aquele ao vivo", "tag": ["funny", "musica"]}
{"id": 9, "created_on": "2021-12-04 22:08:05.413Z", "autor": "bernas", "descricao": "Pedi a mary channel como patroa!", "duracao": 15.2, "nome": "Mary Channel pedida como patroa", "tag": ["faina", "lei"]}
{"id": 3, "created_on": "2021-12-04 22:08:05.392Z", "autor": "arturito", "descricao": "Ronaldo marca de livre com o Chelsea", "duracao": 2.0, "nome": "Golo ronaldo", "tag": ["cr7", "futebol"]}
